1, https://en.wikipedia.org/wiki/The_Matrix 
2, https://en.wikipedia.org/wiki/Hugo_Weaving 
3, https://en.wikipedia.org/wiki/National_Institute_of_Dramatic_Art 
4, https://en.wikipedia.org/wiki/Urban_area 
5, https://en.wikipedia.org/wiki/Creativity 
6, https://en.wikipedia.org/wiki/Psychology 
7, https://en.wikipedia.org/wiki/Abnormal_psychology 
8, https://en.wikipedia.org/wiki/Comparative_psychology 
9, https://en.wikipedia.org/wiki/Cognitive_psychology 
10, https://en.wikipedia.org/wiki/Behavioral_neuroscience 
